<?xml version="1.0" encoding="UTF-8"?>
<BaliMessageLog>
    <Task name="Bitgen">
        <Message>
            <ID>1009992</ID>
            <Severity>Info</Severity>
            <Dynamic> SW_XO3D_SECURITY_ENCRYPTION *NOT* controlled by xo2c00.acd ###</Dynamic>
        </Message>
        <Message>
            <ID>1009992</ID>
            <Severity>Info</Severity>
            <Dynamic> SW_XO3D_SECURITY_ENCRYPTION license_securityIP OK</Dynamic>
        </Message>
    </Task>
    <Task name="MapVerilogSimFile">
        <Message>
            <ID>35400250</ID>
            <Severity>Info</Severity>
            <Dynamic>0</Dynamic>
        </Message>
    </Task>
    <Task name="MapVHDLSimFile">
        <Message>
            <ID>35400250</ID>
            <Severity>Info</Severity>
            <Dynamic>0</Dynamic>
        </Message>
    </Task>
    <Task name="IBIS">
        <Message>
            <ID>1191031</ID>
            <Severity>Info</Severity>
        </Message>
    </Task>
    <Task name="Lattice_Synthesis">
        <Message>
            <ID>35002000</ID>
            <Severity>Info</Severity>
        </Message>
        <Message>
            <ID>35001781</ID>
            <Severity>Info</Severity>
        </Message>
        <Message>
            <ID>35901328</ID>
            <Severity>Info</Severity>
            <Dynamic>e:/fpga_projects/diamond/frequency_counter_3/impl1/source/i2c_gpio.v(10): </Dynamic>
            <Dynamic>e:/fpga_projects/diamond/frequency_counter_3/impl1/source/efb_define_def.v</Dynamic>
            <Navigation>e:/fpga_projects/diamond/frequency_counter_3/impl1/source/i2c_gpio.v</Navigation>
            <Navigation>10</Navigation>
        </Message>
        <Message>
            <ID>35901875</ID>
            <Severity>Warning</Severity>
            <Dynamic>e:/fpga_projects/diamond/frequency_counter_3/impl1/source/i2c_gpio.v(73): </Dynamic>
            <Dynamic>data_from_esp</Dynamic>
            <Navigation>e:/fpga_projects/diamond/frequency_counter_3/impl1/source/i2c_gpio.v</Navigation>
            <Navigation>73</Navigation>
        </Message>
        <Message>
            <ID>35901875</ID>
            <Severity>Warning</Severity>
            <Dynamic>e:/fpga_projects/diamond/frequency_counter_3/impl1/source/i2c_gpio.v(90): </Dynamic>
            <Dynamic>data_from_esp</Dynamic>
            <Navigation>e:/fpga_projects/diamond/frequency_counter_3/impl1/source/i2c_gpio.v</Navigation>
            <Navigation>90</Navigation>
        </Message>
        <Message>
            <ID>35901206</ID>
            <Severity>Warning</Severity>
            <Dynamic>e:/fpga_projects/diamond/frequency_counter_3/pll_1.v(95): </Dynamic>
            <Dynamic>pll_1</Dynamic>
            <Navigation>e:/fpga_projects/diamond/frequency_counter_3/pll_1.v</Navigation>
            <Navigation>95</Navigation>
        </Message>
        <Message>
            <ID>35901018</ID>
            <Severity>Info</Severity>
            <Dynamic>e:/fpga_projects/diamond/frequency_counter_3/impl1/source/i2c_gpio.v(14): </Dynamic>
            <Dynamic>i2c_gpio</Dynamic>
            <Navigation>e:/fpga_projects/diamond/frequency_counter_3/impl1/source/i2c_gpio.v</Navigation>
            <Navigation>14</Navigation>
        </Message>
        <Message>
            <ID>35901018</ID>
            <Severity>Info</Severity>
            <Dynamic>E:/lscc/diamond/3.14/ispfpga/userware/NT/SYNTHESIS_HEADERS/machxo2.v(1793): </Dynamic>
            <Dynamic>OSCH(NOM_FREQ=&quot;10.23&quot;)</Dynamic>
            <Navigation>E:/lscc/diamond/3.14/ispfpga/userware/NT/SYNTHESIS_HEADERS/machxo2.v</Navigation>
            <Navigation>1793</Navigation>
        </Message>
        <Message>
            <ID>35901209</ID>
            <Severity>Warning</Severity>
            <Dynamic>e:/fpga_projects/diamond/frequency_counter_3/impl1/source/i2c_gpio.v(37): </Dynamic>
            <Dynamic>32</Dynamic>
            <Dynamic>4</Dynamic>
            <Navigation>e:/fpga_projects/diamond/frequency_counter_3/impl1/source/i2c_gpio.v</Navigation>
            <Navigation>37</Navigation>
        </Message>
        <Message>
            <ID>35901018</ID>
            <Severity>Info</Severity>
            <Dynamic>e:/fpga_projects/diamond/frequency_counter_3/pll_1.v(8): </Dynamic>
            <Dynamic>pll_1</Dynamic>
            <Navigation>e:/fpga_projects/diamond/frequency_counter_3/pll_1.v</Navigation>
            <Navigation>8</Navigation>
        </Message>
        <Message>
            <ID>35901018</ID>
            <Severity>Info</Severity>
            <Dynamic>E:/lscc/diamond/3.14/ispfpga/userware/NT/SYNTHESIS_HEADERS/machxo2.v(1124): </Dynamic>
            <Dynamic>VLO</Dynamic>
            <Navigation>E:/lscc/diamond/3.14/ispfpga/userware/NT/SYNTHESIS_HEADERS/machxo2.v</Navigation>
            <Navigation>1124</Navigation>
        </Message>
        <Message>
            <ID>35901018</ID>
            <Severity>Info</Severity>
            <Dynamic>E:/lscc/diamond/3.14/ispfpga/userware/NT/SYNTHESIS_HEADERS/machxo2.v(1730): </Dynamic>
            <Dynamic>EHXPLLJ_renamed_due_excessive_length_1</Dynamic>
            <Navigation>E:/lscc/diamond/3.14/ispfpga/userware/NT/SYNTHESIS_HEADERS/machxo2.v</Navigation>
            <Navigation>1730</Navigation>
        </Message>
        <Message>
            <ID>35901018</ID>
            <Severity>Info</Severity>
            <Dynamic>e:/fpga_projects/diamond/frequency_counter_3/impl1/source/efb.v(8): </Dynamic>
            <Dynamic>efb</Dynamic>
            <Navigation>e:/fpga_projects/diamond/frequency_counter_3/impl1/source/efb.v</Navigation>
            <Navigation>8</Navigation>
        </Message>
        <Message>
            <ID>35901018</ID>
            <Severity>Info</Severity>
            <Dynamic>E:/lscc/diamond/3.14/ispfpga/userware/NT/SYNTHESIS_HEADERS/machxo2.v(1120): </Dynamic>
            <Dynamic>VHI</Dynamic>
            <Navigation>E:/lscc/diamond/3.14/ispfpga/userware/NT/SYNTHESIS_HEADERS/machxo2.v</Navigation>
            <Navigation>1120</Navigation>
        </Message>
        <Message>
            <ID>35901018</ID>
            <Severity>Info</Severity>
            <Dynamic>E:/lscc/diamond/3.14/ispfpga/userware/NT/SYNTHESIS_HEADERS/machxo2.v(82): </Dynamic>
            <Dynamic>BB</Dynamic>
            <Navigation>E:/lscc/diamond/3.14/ispfpga/userware/NT/SYNTHESIS_HEADERS/machxo2.v</Navigation>
            <Navigation>82</Navigation>
        </Message>
        <Message>
            <ID>35901018</ID>
            <Severity>Info</Severity>
            <Dynamic>E:/lscc/diamond/3.14/ispfpga/userware/NT/SYNTHESIS_HEADERS/machxo2.v(1800): </Dynamic>
            <Dynamic>EFB_renamed_due_excessive_length_2</Dynamic>
            <Navigation>E:/lscc/diamond/3.14/ispfpga/userware/NT/SYNTHESIS_HEADERS/machxo2.v</Navigation>
            <Navigation>1800</Navigation>
        </Message>
        <Message>
            <ID>35901209</ID>
            <Severity>Warning</Severity>
            <Dynamic>e:/fpga_projects/diamond/frequency_counter_3/impl1/source/i2c_gpio.v(811): </Dynamic>
            <Dynamic>32</Dynamic>
            <Dynamic>8</Dynamic>
            <Navigation>e:/fpga_projects/diamond/frequency_counter_3/impl1/source/i2c_gpio.v</Navigation>
            <Navigation>811</Navigation>
        </Message>
        <Message>
            <ID>35001774</ID>
            <Severity>Info</Severity>
            <Dynamic>c_state</Dynamic>
            <Dynamic>one-hot</Dynamic>
        </Message>
        <Message>
            <ID>35001747</ID>
            <Severity>Warning</Severity>
            <Dynamic>7</Dynamic>
            <Dynamic>wb_adr_i</Dynamic>
        </Message>
        <Message>
            <ID>35001747</ID>
            <Severity>Warning</Severity>
            <Dynamic>5</Dynamic>
            <Dynamic>wb_adr_i</Dynamic>
        </Message>
        <Message>
            <ID>35001747</ID>
            <Severity>Warning</Severity>
            <Dynamic>4</Dynamic>
            <Dynamic>wb_adr_i</Dynamic>
        </Message>
        <Message>
            <ID>35001747</ID>
            <Severity>Warning</Severity>
            <Dynamic>3</Dynamic>
            <Dynamic>wb_adr_i</Dynamic>
        </Message>
        <Message>
            <ID>35001747</ID>
            <Severity>Warning</Severity>
            <Dynamic>7</Dynamic>
            <Dynamic>data_to_esp[0]</Dynamic>
        </Message>
        <Message>
            <ID>35001747</ID>
            <Severity>Warning</Severity>
            <Dynamic>6</Dynamic>
            <Dynamic>data_to_esp[0]</Dynamic>
        </Message>
        <Message>
            <ID>35001747</ID>
            <Severity>Warning</Severity>
            <Dynamic>5</Dynamic>
            <Dynamic>data_to_esp[0]</Dynamic>
        </Message>
        <Message>
            <ID>35001747</ID>
            <Severity>Warning</Severity>
            <Dynamic>4</Dynamic>
            <Dynamic>data_to_esp[0]</Dynamic>
        </Message>
        <Message>
            <ID>35001747</ID>
            <Severity>Warning</Severity>
            <Dynamic>3</Dynamic>
            <Dynamic>data_to_esp[0]</Dynamic>
        </Message>
        <Message>
            <ID>35001747</ID>
            <Severity>Warning</Severity>
            <Dynamic>2</Dynamic>
            <Dynamic>data_to_esp[0]</Dynamic>
        </Message>
        <Message>
            <ID>35001747</ID>
            <Severity>Warning</Severity>
            <Dynamic>1</Dynamic>
            <Dynamic>data_to_esp[0]</Dynamic>
        </Message>
        <Message>
            <ID>35001263</ID>
            <Severity>Warning</Severity>
            <Dynamic>SCL</Dynamic>
        </Message>
        <Message>
            <ID>35001263</ID>
            <Severity>Warning</Severity>
            <Dynamic>SDA</Dynamic>
        </Message>
        <Message>
            <ID>35001699</ID>
            <Severity>Info</Severity>
            <Dynamic>signal_in_d_290</Dynamic>
            <Dynamic>IFS1P3DX</Dynamic>
        </Message>
        <Message>
            <ID>35001611</ID>
            <Severity>Warning</Severity>
        </Message>
    </Task>
    <Task name="PAR">
        <Message>
            <ID>61091050</ID>
            <Severity>Warning</Severity>
            <Dynamic>clk_xtal</Dynamic>
            <Dynamic>pll_instance/PLLInst_0</Dynamic>
            <Dynamic>4</Dynamic>
            <Dynamic>PL9A</Dynamic>
        </Message>
        <Message>
            <ID>62061005</ID>
            <Severity>Warning</Severity>
            <Dynamic>CLKI</Dynamic>
            <Dynamic>clk_xtal_c</Dynamic>
        </Message>
    </Task>
    <Task name="TimingSimFileVHD">
        <Message>
            <ID>35400250</ID>
            <Severity>Info</Severity>
            <Dynamic>0</Dynamic>
        </Message>
    </Task>
    <Task name="Jedecgen">
        <Message>
            <ID>1009992</ID>
            <Severity>Info</Severity>
            <Dynamic> SW_XO3D_SECURITY_ENCRYPTION *NOT* controlled by xo2c00.acd ###</Dynamic>
        </Message>
        <Message>
            <ID>1009992</ID>
            <Severity>Info</Severity>
            <Dynamic> SW_XO3D_SECURITY_ENCRYPTION license_securityIP OK</Dynamic>
        </Message>
    </Task>
    <Task name="TimingSimFileVlg">
        <Message>
            <ID>35400250</ID>
            <Severity>Info</Severity>
            <Dynamic>0</Dynamic>
        </Message>
    </Task>
</BaliMessageLog>